{
  "NORM": 0.44000000000000006,
  "MI": 0.35000000000000003,
  "STTC": 0.33,
  "CD": 0.26000000000000006,
  "HYP": 0.2
}