{
  "NORM": 0.27,
  "MI": 0.35000000000000003,
  "STTC": 0.45000000000000007,
  "CD": 0.44000000000000006,
  "HYP": 0.27
}